id,group,path,ui_control,consumer,effect,effect_time,status,issue,evidence,actual_effect_verified,notes,upstream,row_kind
FLD-CFG-001,Config,IndexId,internal state,"crates/application/src/engine.rs:1612,1634,1679,1768;crates/bridge_api/src/api/settings.rs:1249,1276,1350",upstream keys retained; current selection uses active_index_id/UI store,save,preserved_only,AUD-ROOT-01;AUD-DESK-02;AUD-ROOT-03,root_contract_repro.log;desktop_repro.log;settings-engine-audit.md,no,"internal state, not an independent user toggle; upstream-key runtime alias not proven",v2rayN/ServiceLib/Models/Configs/Config.cs :: Config.IndexId,internal
FLD-CFG-002,Config,SubIndexId,internal state,"crates/application/src/engine.rs:1612,1634,1679,1768;crates/bridge_api/src/api/settings.rs:1249,1276,1350",upstream keys retained; current selection uses active_index_id/UI store,save,preserved_only,AUD-ROOT-01;AUD-DESK-02;AUD-ROOT-03,root_contract_repro.log;desktop_repro.log;settings-engine-audit.md,no,"internal state, not an independent user toggle; upstream-key runtime alias not proven",v2rayN/ServiceLib/Models/Configs/Config.cs :: Config.SubIndexId,internal
FLD-CFG-003,Config,CoreBasicItem,group container,"crates/application/src/engine.rs:1612,1634,1679,1768;crates/bridge_api/src/api/settings.rs:1249,1276,1350",settings tree persistence; child effects reviewed in leaf rows,save,implemented,AUD-ROOT-01;AUD-DESK-02;AUD-ROOT-03,root_contract_repro.log;desktop_repro.log;settings-engine-audit.md,no,container persistence is not proof that all child options work,v2rayN/ServiceLib/Models/Configs/Config.cs :: Config.CoreBasicItem,container
FLD-CFG-004,Config,TunModeItem,group container,"crates/application/src/engine.rs:1612,1634,1679,1768;crates/bridge_api/src/api/settings.rs:1249,1276,1350",settings tree persistence; child effects reviewed in leaf rows,save,implemented,AUD-ROOT-01;AUD-DESK-02;AUD-ROOT-03,root_contract_repro.log;desktop_repro.log;settings-engine-audit.md,no,container persistence is not proof that all child options work,v2rayN/ServiceLib/Models/Configs/Config.cs :: Config.TunModeItem,container
FLD-CFG-005,Config,KcpItem,group container,"crates/application/src/engine.rs:1612,1634,1679,1768;crates/bridge_api/src/api/settings.rs:1249,1276,1350",settings tree persistence; child effects reviewed in leaf rows,save,implemented,AUD-ROOT-01;AUD-DESK-02;AUD-ROOT-03,root_contract_repro.log;desktop_repro.log;settings-engine-audit.md,no,container persistence is not proof that all child options work,v2rayN/ServiceLib/Models/Configs/Config.cs :: Config.KcpItem,container
FLD-CFG-006,Config,GrpcItem,group container,"crates/application/src/engine.rs:1612,1634,1679,1768;crates/bridge_api/src/api/settings.rs:1249,1276,1350",settings tree persistence; child effects reviewed in leaf rows,save,implemented,AUD-ROOT-01;AUD-DESK-02;AUD-ROOT-03,root_contract_repro.log;desktop_repro.log;settings-engine-audit.md,no,container persistence is not proof that all child options work,v2rayN/ServiceLib/Models/Configs/Config.cs :: Config.GrpcItem,container
FLD-CFG-007,Config,RoutingBasicItem,group container,"crates/application/src/engine.rs:1612,1634,1679,1768;crates/bridge_api/src/api/settings.rs:1249,1276,1350",settings tree persistence; child effects reviewed in leaf rows,save,implemented,AUD-ROOT-01;AUD-DESK-02;AUD-ROOT-03,root_contract_repro.log;desktop_repro.log;settings-engine-audit.md,no,container persistence is not proof that all child options work,v2rayN/ServiceLib/Models/Configs/Config.cs :: Config.RoutingBasicItem,container
FLD-CFG-008,Config,GuiItem,group container,"crates/application/src/engine.rs:1612,1634,1679,1768;crates/bridge_api/src/api/settings.rs:1249,1276,1350",settings tree persistence; child effects reviewed in leaf rows,save,implemented,AUD-ROOT-01;AUD-DESK-02;AUD-ROOT-03,root_contract_repro.log;desktop_repro.log;settings-engine-audit.md,no,container persistence is not proof that all child options work,v2rayN/ServiceLib/Models/Configs/Config.cs :: Config.GuiItem,container
FLD-CFG-009,Config,MsgUIItem,group container,"crates/application/src/engine.rs:1612,1634,1679,1768;crates/bridge_api/src/api/settings.rs:1249,1276,1350",settings tree persistence; child effects reviewed in leaf rows,save,implemented,AUD-ROOT-01;AUD-DESK-02;AUD-ROOT-03,root_contract_repro.log;desktop_repro.log;settings-engine-audit.md,no,container persistence is not proof that all child options work,v2rayN/ServiceLib/Models/Configs/Config.cs :: Config.MsgUIItem,container
FLD-CFG-010,Config,UiItem,group container,"crates/application/src/engine.rs:1612,1634,1679,1768;crates/bridge_api/src/api/settings.rs:1249,1276,1350",settings tree persistence; child effects reviewed in leaf rows,save,implemented,AUD-ROOT-01;AUD-DESK-02;AUD-ROOT-03,root_contract_repro.log;desktop_repro.log;settings-engine-audit.md,no,container persistence is not proof that all child options work,v2rayN/ServiceLib/Models/Configs/Config.cs :: Config.UiItem,container
FLD-CFG-011,Config,ConstItem,group container,"crates/application/src/engine.rs:1612,1634,1679,1768;crates/bridge_api/src/api/settings.rs:1249,1276,1350",settings tree persistence; child effects reviewed in leaf rows,save,implemented,AUD-ROOT-01;AUD-DESK-02;AUD-ROOT-03,root_contract_repro.log;desktop_repro.log;settings-engine-audit.md,no,container persistence is not proof that all child options work,v2rayN/ServiceLib/Models/Configs/Config.cs :: Config.ConstItem,container
FLD-CFG-012,Config,SpeedTestItem,group container,"crates/application/src/engine.rs:1612,1634,1679,1768;crates/bridge_api/src/api/settings.rs:1249,1276,1350",settings tree persistence; child effects reviewed in leaf rows,save,implemented,AUD-ROOT-01;AUD-DESK-02;AUD-ROOT-03,root_contract_repro.log;desktop_repro.log;settings-engine-audit.md,no,container persistence is not proof that all child options work,v2rayN/ServiceLib/Models/Configs/Config.cs :: Config.SpeedTestItem,container
FLD-CFG-013,Config,Mux4RayItem,group container,"crates/application/src/engine.rs:1612,1634,1679,1768;crates/bridge_api/src/api/settings.rs:1249,1276,1350",settings tree persistence; child effects reviewed in leaf rows,save,implemented,AUD-ROOT-01;AUD-DESK-02;AUD-ROOT-03,root_contract_repro.log;desktop_repro.log;settings-engine-audit.md,no,container persistence is not proof that all child options work,v2rayN/ServiceLib/Models/Configs/Config.cs :: Config.Mux4RayItem,container
FLD-CFG-014,Config,Mux4SboxItem,group container,"crates/application/src/engine.rs:1612,1634,1679,1768;crates/bridge_api/src/api/settings.rs:1249,1276,1350",settings tree persistence; child effects reviewed in leaf rows,save,implemented,AUD-ROOT-01;AUD-DESK-02;AUD-ROOT-03,root_contract_repro.log;desktop_repro.log;settings-engine-audit.md,no,container persistence is not proof that all child options work,v2rayN/ServiceLib/Models/Configs/Config.cs :: Config.Mux4SboxItem,container
FLD-CFG-015,Config,HysteriaItem,group container,"crates/application/src/engine.rs:1612,1634,1679,1768;crates/bridge_api/src/api/settings.rs:1249,1276,1350",settings tree persistence; child effects reviewed in leaf rows,save,implemented,AUD-ROOT-01;AUD-DESK-02;AUD-ROOT-03,root_contract_repro.log;desktop_repro.log;settings-engine-audit.md,no,container persistence is not proof that all child options work,v2rayN/ServiceLib/Models/Configs/Config.cs :: Config.HysteriaItem,container
FLD-CFG-016,Config,ClashUIItem,group container,"crates/application/src/engine.rs:1612,1634,1679,1768;crates/bridge_api/src/api/settings.rs:1249,1276,1350",settings tree persistence; child effects reviewed in leaf rows,save,implemented,AUD-ROOT-01;AUD-DESK-02;AUD-ROOT-03,root_contract_repro.log;desktop_repro.log;settings-engine-audit.md,no,container persistence is not proof that all child options work,v2rayN/ServiceLib/Models/Configs/Config.cs :: Config.ClashUIItem,container
FLD-CFG-017,Config,SystemProxyItem,group container,"crates/application/src/engine.rs:1612,1634,1679,1768;crates/bridge_api/src/api/settings.rs:1249,1276,1350",settings tree persistence; child effects reviewed in leaf rows,save,implemented,AUD-ROOT-01;AUD-DESK-02;AUD-ROOT-03,root_contract_repro.log;desktop_repro.log;settings-engine-audit.md,no,container persistence is not proof that all child options work,v2rayN/ServiceLib/Models/Configs/Config.cs :: Config.SystemProxyItem,container
FLD-CFG-018,Config,WebDavItem,group container,"crates/application/src/engine.rs:1612,1634,1679,1768;crates/bridge_api/src/api/settings.rs:1249,1276,1350",settings tree persistence; child effects reviewed in leaf rows,save,implemented,AUD-ROOT-01;AUD-DESK-02;AUD-ROOT-03,root_contract_repro.log;desktop_repro.log;settings-engine-audit.md,no,container persistence is not proof that all child options work,v2rayN/ServiceLib/Models/Configs/Config.cs :: Config.WebDavItem,container
FLD-CFG-019,Config,CheckUpdateItem,group container,"crates/application/src/engine.rs:1612,1634,1679,1768;crates/bridge_api/src/api/settings.rs:1249,1276,1350",settings tree persistence; child effects reviewed in leaf rows,save,implemented,AUD-ROOT-01;AUD-DESK-02;AUD-ROOT-03,root_contract_repro.log;desktop_repro.log;settings-engine-audit.md,no,container persistence is not proof that all child options work,v2rayN/ServiceLib/Models/Configs/Config.cs :: Config.CheckUpdateItem,container
FLD-CFG-020,Config,Fragment4RayItem,group container,"crates/application/src/engine.rs:1612,1634,1679,1768;crates/bridge_api/src/api/settings.rs:1249,1276,1350",settings tree persistence; child effects reviewed in leaf rows,save,implemented,AUD-ROOT-01;AUD-DESK-02;AUD-ROOT-03,root_contract_repro.log;desktop_repro.log;settings-engine-audit.md,no,container persistence is not proof that all child options work,v2rayN/ServiceLib/Models/Configs/Config.cs :: Config.Fragment4RayItem,container
FLD-CFG-021,Config,Inbound,group container,"crates/application/src/engine.rs:1612,1634,1679,1768;crates/bridge_api/src/api/settings.rs:1249,1276,1350",settings tree persistence; child effects reviewed in leaf rows,save,implemented,AUD-ROOT-01;AUD-DESK-02;AUD-ROOT-03,root_contract_repro.log;desktop_repro.log;settings-engine-audit.md,no,container persistence is not proof that all child options work,v2rayN/ServiceLib/Models/Configs/Config.cs :: Config.Inbound,container
FLD-CFG-022,Config,GlobalHotkeys,group container,"crates/application/src/engine.rs:1612,1634,1679,1768;crates/bridge_api/src/api/settings.rs:1249,1276,1350",settings tree persistence; child effects reviewed in leaf rows,save,implemented,AUD-ROOT-01;AUD-DESK-02;AUD-ROOT-03,root_contract_repro.log;desktop_repro.log;settings-engine-audit.md,no,container persistence is not proof that all child options work,v2rayN/ServiceLib/Models/Configs/Config.cs :: Config.GlobalHotkeys,container
FLD-CFG-023,Config,CoreTypeItem,group container,"crates/application/src/engine.rs:1612,1634,1679,1768;crates/bridge_api/src/api/settings.rs:1249,1276,1350",settings tree persistence; child effects reviewed in leaf rows,save,implemented,AUD-ROOT-01;AUD-DESK-02;AUD-ROOT-03,root_contract_repro.log;desktop_repro.log;settings-engine-audit.md,no,container persistence is not proof that all child options work,v2rayN/ServiceLib/Models/Configs/Config.cs :: Config.CoreTypeItem,container
FLD-CFG-024,Config,SimpleDNSItem,group container,"crates/application/src/engine.rs:1612,1634,1679,1768;crates/bridge_api/src/api/settings.rs:1249,1276,1350",settings tree persistence; child effects reviewed in leaf rows,save,implemented,AUD-ROOT-01;AUD-DESK-02;AUD-ROOT-03,root_contract_repro.log;desktop_repro.log;settings-engine-audit.md,no,container persistence is not proof that all child options work,v2rayN/ServiceLib/Models/Configs/Config.cs :: Config.SimpleDNSItem,container
FLD-CFG-025,Config,HappyEyeballs4RayItem,group container,"crates/application/src/engine.rs:1612,1634,1679,1768;crates/bridge_api/src/api/settings.rs:1249,1276,1350",settings tree persistence; child effects reviewed in leaf rows,save,implemented,AUD-ROOT-01;AUD-DESK-02;AUD-ROOT-03,root_contract_repro.log;desktop_repro.log;settings-engine-audit.md,no,container persistence is not proof that all child options work,v2rayN/ServiceLib/Models/Configs/Config.cs :: Config.HappyEyeballs4RayItem,container
