id,group,path,ui_control,consumer,effect,effect_time,status,issue,evidence,actual_effect_verified,notes,upstream
FLD-CFG-056,GUIItem,GuiItem.AutoRun,ToggleButton,settings_controller.dart:204-261,Windows Run-key desired-change write,immediate,identified,AUD-DESK-01,Current HEAD 672e666 static audit; desktop_repro.log only for AUD-DESK-01/02,no,"Fault reproduced: first write fails, unchanged retry skips OS write and reports success",v2rayN/ServiceLib/Models/Configs/ConfigItems.cs :: GUIItem.AutoRun
FLD-CFG-057,GUIItem,GuiItem.EnableStatistics,ToggleButton,crates/application/src/engine.rs:2037-2046;crates/application/src/codegen.rs:404,statistics collector/config; UiShell.showStatistics has no UI readers,restart_app,implemented,AUD-DESK-07,Current HEAD 672e666 static audit; desktop_repro.log only for AUD-DESK-01/02,no,Native statistics endpoint and visible statistic-column behavior not validated in this audit,v2rayN/ServiceLib/Models/Configs/ConfigItems.cs :: GUIItem.EnableStatistics
FLD-CFG-058,GUIItem,GuiItem.DisplayRealTimeSpeed,ToggleButton,crates/application/src/engine.rs:2037-2046;crates/application/src/codegen.rs:405,monitor pipeline/codegen,restart_app,implemented,,Current HEAD 672e666 static audit; desktop_repro.log only for AUD-DESK-01/02,no,"Current audit: static consumer confirmed, real effect unverified",v2rayN/ServiceLib/Models/Configs/ConfigItems.cs :: GUIItem.DisplayRealTimeSpeed
FLD-CFG-059,GUIItem,GuiItem.KeepOlderDedupl,ToggleButton,"apps/desktop/lib/features/profiles/profiles_controller.dart:64,1612;crates/application/src/subs.rs",dedup command/subscription transaction,save,implemented,,Current HEAD 672e666 static audit; desktop_repro.log only for AUD-DESK-01/02,no,Static consumer confirmed; no real dedup scenario run,v2rayN/ServiceLib/Models/Configs/ConfigItems.cs :: GUIItem.KeepOlderDedupl
FLD-CFG-060,GUIItem,GuiItem.AutoUpdateInterval,TextBox,"crates/application/src/engine.rs:265-271,3242",hourly ResourceScheduler/run_resource_pass,immediate,implemented,,Current HEAD 672e666 static audit; desktop_repro.log only for AUD-DESK-01/02,no,Static schedule/download consumer confirmed; wall-clock task not executed,v2rayN/ServiceLib/Models/Configs/ConfigItems.cs :: GUIItem.AutoUpdateInterval
FLD-CFG-061,GUIItem,GuiItem.TrayMenuServersLimit,TextBox,apps/desktop/lib/app/shell/desktop_integration.dart:461;apps/desktop/lib/app/shell/tray_menu_model.dart:199,tray server count,save,implemented,,Current HEAD 672e666 static audit; desktop_repro.log only for AUD-DESK-01/02,no,Native tray rendering not executed,v2rayN/ServiceLib/Models/Configs/ConfigItems.cs :: GUIItem.TrayMenuServersLimit
FLD-CFG-062,GUIItem,GuiItem.EnableHWA,ToggleButton,crates/domain/src/settings.rs:390-391,No Windows Flutter renderer consumer,restart_app,identified,AUD-DESK-04,Current HEAD 672e666 static audit; desktop_repro.log only for AUD-DESK-01/02,no,Only persistence/DTO/timing found; restart cannot implement absent launch setting,v2rayN/ServiceLib/Models/Configs/ConfigItems.cs :: GUIItem.EnableHWA
FLD-CFG-063,GUIItem,GuiItem.EnableLog,internal/preserved,crates/domain/src/settings.rs:392-393,No application logging switch consumer,restart_app,identified,AUD-DESK-04,Current HEAD 672e666 static audit; desktop_repro.log only for AUD-DESK-01/02,no,Distinct from CoreBasicItem.LogEnabled; frozen AppManager enables/disables app logging,v2rayN/ServiceLib/Models/Configs/ConfigItems.cs :: GUIItem.EnableLog
FLD-CFG-064,GUIItem,GuiItem.RootCertProvider,ComboBox,crates/platform/src/cert/mod.rs:84;crates/subscriptions/src/download.rs:119;crates/updater/src/fetch.rs:36,Provider mapping API only; HTTP client builders ignore field,immediate,identified,AUD-DESK-04,Current HEAD 672e666 static audit; desktop_repro.log only for AUD-DESK-01/02,no,"Chrome/Mozilla selection is not wired to TLS trust; upstream is app HTTPS trust, not OS cert installation",v2rayN/ServiceLib/Models/Configs/ConfigItems.cs :: GUIItem.RootCertProvider
FLD-CFG-065,MsgUIItem,MsgUIItem.MainMsgFilter,internal/preserved,crates/domain/src/settings.rs:422;apps/desktop/lib/features/monitor/monitor_controller.dart:605,No MsgUIItem load/save consumer,immediate,identified,AUD-DESK-04,Current HEAD 672e666 static audit; desktop_repro.log only for AUD-DESK-01/02,no,Monitor keyword exists but does not read/persist MsgUIItem,v2rayN/ServiceLib/Models/Configs/ConfigItems.cs :: MsgUIItem.MainMsgFilter
FLD-CFG-066,MsgUIItem,MsgUIItem.AutoRefresh,internal/preserved,crates/domain/src/settings.rs:424;apps/desktop/lib/features/monitor/monitor_controller.dart:609,No MsgUIItem load/save consumer,immediate,identified,AUD-DESK-04,Current HEAD 672e666 static audit; desktop_repro.log only for AUD-DESK-01/02,no,Local log auto-refresh toggle not persisted in MsgUIItem,v2rayN/ServiceLib/Models/Configs/ConfigItems.cs :: MsgUIItem.AutoRefresh
FLD-CFG-067,UIItem,UiItem.EnableAutoAdjustMainLvColWidth,ToggleButton,apps/desktop/lib/app/shell/ui_shell_controller.dart:243,Assigned to state.autoAdjustColWidth only; no readers,immediate,identified,AUD-DESK-07,Current HEAD 672e666 static audit; desktop_repro.log only for AUD-DESK-01/02,no,Actual table fit function runs independently of this flag,v2rayN/ServiceLib/Models/Configs/ConfigItems.cs :: UIItem.EnableAutoAdjustMainLvColWidth
FLD-CFG-068,UIItem,UiItem.MainGirdHeight1,internal/preserved,"apps/desktop/lib/app/shell/ui_shell_controller.dart:189-207,212-246",Shell uses ui_state layout.horizontal_split/vertical_split instead,immediate,identified,AUD-DESK-05,Current HEAD 672e666 static audit; desktop_repro.log only for AUD-DESK-01/02,no,Imported canonical splitter proportions ignored,v2rayN/ServiceLib/Models/Configs/ConfigItems.cs :: UIItem.MainGirdHeight1
FLD-CFG-069,UIItem,UiItem.MainGirdHeight2,internal/preserved,"apps/desktop/lib/app/shell/ui_shell_controller.dart:189-207,212-246",Shell uses ui_state layout.horizontal_split/vertical_split instead,immediate,identified,AUD-DESK-05,Current HEAD 672e666 static audit; desktop_repro.log only for AUD-DESK-01/02,no,Imported canonical splitter proportions ignored,v2rayN/ServiceLib/Models/Configs/ConfigItems.cs :: UIItem.MainGirdHeight2
FLD-CFG-070,UIItem,UiItem.MainGirdOrientation,ComboBox,apps/desktop/lib/app/shell/ui_shell_controller.dart:217-234,live shell layout,restart_app,implemented,,Current HEAD 672e666 static audit; desktop_repro.log only for AUD-DESK-01/02,no,Static consumer confirmed; main-menu layout uses separate ui_state store and canonical reconciliation requires validation,v2rayN/ServiceLib/Models/Configs/ConfigItems.cs :: UIItem.MainGirdOrientation
FLD-CFG-071,UIItem,UiItem.ColorPrimaryName,internal/preserved,apps/desktop/lib/app/shell/ui_shell_controller.dart:224-233;apps/desktop/lib/app/app.dart:37-50,main-app theme builder,immediate,implemented,AUD-DESK-08,Current HEAD 672e666 static audit; desktop_repro.log only for AUD-DESK-01/02,no,Independent option window uses default light theme,v2rayN/ServiceLib/Models/Configs/ConfigItems.cs :: UIItem.ColorPrimaryName
FLD-CFG-072,UIItem,UiItem.CurrentTheme,internal/preserved,"apps/desktop/lib/app/shell/ui_shell_controller.dart:191-203,231;apps/desktop/lib/app/app.dart:50",main-app light/dark/system,immediate,implemented,AUD-DESK-08,Current HEAD 672e666 static audit; desktop_repro.log only for AUD-DESK-01/02,no,Independent option window ignores theme; WPF only exposes three theme modes,v2rayN/ServiceLib/Models/Configs/ConfigItems.cs :: UIItem.CurrentTheme
FLD-CFG-073,UIItem,UiItem.CurrentLanguage,internal/preserved,apps/desktop/lib/app/app.dart:31-57;apps/desktop/lib/shared/l10n/l10n.dart,main-app locale/resources,restart_app,implemented,AUD-DESK-02;AUD-DESK-08,Current HEAD 672e666 static audit; desktop_repro.log only for AUD-DESK-01/02,no,Old full draft overwrites changed language (reproduced); option window uses no locale/l10n delegates,v2rayN/ServiceLib/Models/Configs/ConfigItems.cs :: UIItem.CurrentLanguage
FLD-CFG-074,UIItem,UiItem.CurrentFontFamily,ComboBox,apps/desktop/lib/app/app.dart:38-47;apps/desktop/lib/shared/theme/app_theme.dart:381-398,main-app theme font,restart_app,implemented,AUD-DESK-08,Current HEAD 672e666 static audit; desktop_repro.log only for AUD-DESK-01/02,no,Independent option window ignores configured font; many widgets retain explicit font sizes,v2rayN/ServiceLib/Models/Configs/ConfigItems.cs :: UIItem.CurrentFontFamily
FLD-CFG-075,UIItem,UiItem.CurrentFontSize,internal/preserved,apps/desktop/lib/app/app.dart:39-48;apps/desktop/lib/shared/theme/app_theme.dart:378-398,main-app theme size,immediate,implemented,AUD-DESK-08,Current HEAD 672e666 static audit; desktop_repro.log only for AUD-DESK-01/02,no,Independent option window ignores configured size,v2rayN/ServiceLib/Models/Configs/ConfigItems.cs :: UIItem.CurrentFontSize
FLD-CFG-076,UIItem,UiItem.EnableDragDropSort,ToggleButton,apps/desktop/lib/features/profiles/profiles_controller.dart:34-51;apps/desktop/lib/features/profiles/profiles_table.dart:167,row drag handlers at provider initialization,restart_app,implemented,,Current HEAD 672e666 static audit; desktop_repro.log only for AUD-DESK-01/02,no,"Upstream requires app restart; cached provider does not watch saved settings, consistent only after full restart",v2rayN/ServiceLib/Models/Configs/ConfigItems.cs :: UIItem.EnableDragDropSort
FLD-CFG-077,UIItem,UiItem.DoubleClick2Activate,ToggleButton,apps/desktop/lib/features/settings/settings_controller.dart:365-372;apps/desktop/lib/features/profiles/profiles_controller.dart:1268,live profiles double-click activation,immediate,implemented,,Current HEAD 672e666 static audit; desktop_repro.log only for AUD-DESK-01/02,no,Static consumer confirmed; canonical-vs-ui_state reopening still needs actual process validation,v2rayN/ServiceLib/Models/Configs/ConfigItems.cs :: UIItem.DoubleClick2Activate
FLD-CFG-078,UIItem,UiItem.AutoHideStartup,ToggleButton,apps/desktop/lib/app/shell/desktop_integration.dart:181-198,native startup hide,immediate,implemented,,Current HEAD 672e666 static audit; desktop_repro.log only for AUD-DESK-01/02,no,Real launch/first-frame flicker unverified,v2rayN/ServiceLib/Models/Configs/ConfigItems.cs :: UIItem.AutoHideStartup
FLD-CFG-079,UIItem,UiItem.Hide2TrayWhenClose,ToggleSwitch,"apps/desktop/lib/app/shell/desktop_integration.dart:153-156,208",Non-Windows close behavior; Windows always hide per WPF,immediate,implemented,,Current HEAD 672e666 static audit; desktop_repro.log only for AUD-DESK-01/02,no,Windows ignores field intentionally like WPF; non-Windows live change/restart effect unverified,v2rayN/ServiceLib/Models/Configs/ConfigItems.cs :: UIItem.Hide2TrayWhenClose
FLD-CFG-080,UIItem,UiItem.MacOSShowInDock,ToggleSwitch,crates/domain/src/settings.rs,No MacOS app activation-policy consumer,restart_app,blocked,AUD-DESK-06,Current HEAD 672e666 static audit; desktop_repro.log only for AUD-DESK-01/02,no,Windows not applicable; required MacOS behavior lacks implementation and target build,v2rayN/ServiceLib/Models/Configs/ConfigItems.cs :: UIItem.MacOSShowInDock
FLD-CFG-081,UIItem,UiItem.MainColumnItem,internal/preserved,apps/desktop/lib/features/profiles/profiles_controller.dart:760-790,node columns use ui_state column_layout instead,immediate,identified,AUD-DESK-05,Current HEAD 672e666 static audit; desktop_repro.log only for AUD-DESK-01/02,no,Canonical imported Name/Width/Index not consumed,v2rayN/ServiceLib/Models/Configs/ConfigItems.cs :: UIItem.MainColumnItem
FLD-CFG-082,UIItem,UiItem.WindowSizeItem,internal/preserved,apps/desktop/windows/runner/main.cpp:46-83;apps/desktop/lib/features/profiles/ui_state_store.dart:20-24,Win32 INI size instead; public AppSettings helper uncalled,immediate,identified,AUD-DESK-05,Current HEAD 672e666 static audit; desktop_repro.log only for AUD-DESK-01/02,no,Canonical window geometry not consumed by native startup,v2rayN/ServiceLib/Models/Configs/ConfigItems.cs :: UIItem.WindowSizeItem
FLD-CFG-083,UIItem,UiItem.HideColumnIpInfo,internal/preserved,apps/desktop/lib/app/shell/ui_shell_controller.dart:241,Assigned to state.hideIpInfo only; no readers,immediate,identified,AUD-DESK-07,Current HEAD 672e666 static audit; desktop_repro.log only for AUD-DESK-01/02,no,Does not hide IP-info column,v2rayN/ServiceLib/Models/Configs/ConfigItems.cs :: UIItem.HideColumnIpInfo
FLD-CFG-084,ConstItem,ConstItem.SubConvertUrl,ComboBox(IsEditable),"crates/application/src/subs.rs:324,547",conversion request URL,save,implemented,,Current HEAD 672e666 static audit; desktop_repro.log only for AUD-DESK-01/02,no,Only invoked when subscription conversion enabled; real external request unverified,v2rayN/ServiceLib/Models/Configs/ConfigItems.cs :: ConstItem.SubConvertUrl
FLD-CFG-085,ConstItem,ConstItem.GeoSourceUrl,ComboBox(IsEditable),crates/application/src/engine.rs:224;crates/application/src/dns.rs:233,Geo resource update/download URL,save,implemented,,Current HEAD 672e666 static audit; desktop_repro.log only for AUD-DESK-01/02,no,Static real download path confirmed; no external source request run,v2rayN/ServiceLib/Models/Configs/ConfigItems.cs :: ConstItem.GeoSourceUrl
FLD-CFG-086,ConstItem,ConstItem.SrsSourceUrl,ComboBox(IsEditable),"crates/application/src/engine.rs:225,2683;crates/application/src/dns.rs:241",SRS download/ruleset source,save,implemented,,Current HEAD 672e666 static audit; desktop_repro.log only for AUD-DESK-01/02,no,Static real config/update consumer confirmed; no external source request run,v2rayN/ServiceLib/Models/Configs/ConfigItems.cs :: ConstItem.SrsSourceUrl
FLD-CFG-087,ConstItem,ConstItem.RouteRulesTemplateSourceUrl,ComboBox(IsEditable),crates/bridge_api/src/api/routing.rs:407-427,Nonempty external URL returns error.routing_external_template,save,identified,AUD-DESK-06,Current HEAD 672e666 static audit; desktop_repro.log only for AUD-DESK-01/02,no,"External template download/import missing, not merely unverified remote",v2rayN/ServiceLib/Models/Configs/ConfigItems.cs :: ConstItem.RouteRulesTemplateSourceUrl
FLD-CFG-088,KeyEventItem,GlobalHotkeys[].EGlobalHotkey,internal/preserved,"apps/desktop/lib/features/settings/hotkeys.dart:490-508,538-568,582-611",native registration + grouped action dispatch,next_launch,blocked,,Current HEAD 672e666 static audit; desktop_repro.log only for AUD-DESK-01/02,no,Static consumer confirmed; real OS registration/conflicts not run,v2rayN/ServiceLib/Models/Configs/ConfigItems.cs :: KeyEventItem.EGlobalHotkey
FLD-CFG-089,KeyEventItem,GlobalHotkeys[].Alt,internal/preserved,"apps/desktop/lib/features/settings/hotkeys.dart:490-508,538-568,582-611",native registration + grouped action dispatch,next_launch,blocked,,Current HEAD 672e666 static audit; desktop_repro.log only for AUD-DESK-01/02,no,Static consumer confirmed; real OS registration/conflicts not run,v2rayN/ServiceLib/Models/Configs/ConfigItems.cs :: KeyEventItem.Alt
FLD-CFG-090,KeyEventItem,GlobalHotkeys[].Control,internal/preserved,"apps/desktop/lib/features/settings/hotkeys.dart:490-508,538-568,582-611",native registration + grouped action dispatch,next_launch,blocked,,Current HEAD 672e666 static audit; desktop_repro.log only for AUD-DESK-01/02,no,Static consumer confirmed; real OS registration/conflicts not run,v2rayN/ServiceLib/Models/Configs/ConfigItems.cs :: KeyEventItem.Control
FLD-CFG-091,KeyEventItem,GlobalHotkeys[].Shift,internal/preserved,"apps/desktop/lib/features/settings/hotkeys.dart:490-508,538-568,582-611",native registration + grouped action dispatch,next_launch,blocked,,Current HEAD 672e666 static audit; desktop_repro.log only for AUD-DESK-01/02,no,Static consumer confirmed; real OS registration/conflicts not run,v2rayN/ServiceLib/Models/Configs/ConfigItems.cs :: KeyEventItem.Shift
FLD-CFG-092,KeyEventItem,GlobalHotkeys[].KeyCode,internal/preserved,"apps/desktop/lib/features/settings/hotkeys.dart:490-508,538-568,582-611",native registration + grouped action dispatch,next_launch,blocked,,Current HEAD 672e666 static audit; desktop_repro.log only for AUD-DESK-01/02,no,Static consumer confirmed; real OS registration/conflicts not run,v2rayN/ServiceLib/Models/Configs/ConfigItems.cs :: KeyEventItem.KeyCode
FLD-CFG-093,CoreTypeItem,CoreTypeItem[].ConfigType,internal/preserved,"crates/application/src/engine.rs:2777-2791,2881-2892",protocol-to-core mapping lookup,save,implemented,,Current HEAD 672e666 static audit; desktop_repro.log only for AUD-DESK-01/02,no,Production resolve_target_core directly reads bindings; explicit per-node core wins. Actual core/protocol matrix not rerun.,v2rayN/ServiceLib/Models/Configs/ConfigItems.cs :: CoreTypeItem.ConfigType
FLD-CFG-094,CoreTypeItem,CoreTypeItem[].CoreType,ComboBox,"crates/application/src/engine.rs:2777-2791,2881-2892",selected runtime core,restart_core,implemented,,Current HEAD 672e666 static audit; desktop_repro.log only for AUD-DESK-01/02,no,Production resolve_target_core directly reads bindings; explicit per-node core wins. Actual core/protocol matrix not rerun.,v2rayN/ServiceLib/Models/Configs/ConfigItems.cs :: CoreTypeItem.CoreType
FLD-CFG-117,ColumnItem,UiItem.MainColumnItem[].Name,internal/preserved,"apps/desktop/lib/features/profiles/profiles_controller.dart:760-790,1788",ui_state layout replaces canonical MainColumnItem,save,identified,AUD-DESK-05,Current HEAD 672e666 static audit; desktop_repro.log only for AUD-DESK-01/02,no,Canonical Name/Width/Index are only persisted,v2rayN/ServiceLib/Models/Configs/ConfigItems.cs :: ColumnItem.Name
FLD-CFG-118,ColumnItem,UiItem.MainColumnItem[].Width,internal/preserved,"apps/desktop/lib/features/profiles/profiles_controller.dart:760-790,1788",ui_state layout replaces canonical MainColumnItem,save,identified,AUD-DESK-05,Current HEAD 672e666 static audit; desktop_repro.log only for AUD-DESK-01/02,no,Canonical Name/Width/Index are only persisted,v2rayN/ServiceLib/Models/Configs/ConfigItems.cs :: ColumnItem.Width
FLD-CFG-119,ColumnItem,UiItem.MainColumnItem[].Index,internal/preserved,"apps/desktop/lib/features/profiles/profiles_controller.dart:760-790,1788",ui_state layout replaces canonical MainColumnItem,save,identified,AUD-DESK-05,Current HEAD 672e666 static audit; desktop_repro.log only for AUD-DESK-01/02,no,Canonical Name/Width/Index are only persisted,v2rayN/ServiceLib/Models/Configs/ConfigItems.cs :: ColumnItem.Index
FLD-CFG-129,ClashUIItem,ClashUIItem.EnableIPv6,internal/preserved,crates/application/src/codegen.rs:461-477;crates/application/src/engine.rs:2923-2948,Mapping helper only called by tests; runtime custom Mihomo body copied verbatim,restart_core,identified,AUD-DESK-04,Current HEAD 672e666 static audit; desktop_repro.log only for AUD-DESK-01/02,no,EnableIPv6/EnableMixinContent have no production settings consumer; isolated helper assertion does not wire actual plan.,v2rayN/ServiceLib/Models/Configs/ConfigItems.cs :: ClashUIItem.EnableIPv6
FLD-CFG-130,ClashUIItem,ClashUIItem.EnableMixinContent,internal/preserved,crates/application/src/codegen.rs:461-477;crates/application/src/engine.rs:2923-2948,Mapping helper only called by tests; runtime custom Mihomo body copied verbatim,restart_core,identified,AUD-DESK-04,Current HEAD 672e666 static audit; desktop_repro.log only for AUD-DESK-01/02,no,EnableIPv6/EnableMixinContent have no production settings consumer; isolated helper assertion does not wire actual plan.,v2rayN/ServiceLib/Models/Configs/ConfigItems.cs :: ClashUIItem.EnableMixinContent
FLD-CFG-131,ClashUIItem,ClashUIItem.ProxiesSorting,internal/preserved,apps/desktop/lib/features/monitor/clash_ui_config.dart:61;apps/desktop/lib/features/monitor/proxies_view.dart,live proxy sort,immediate,implemented,AUD-DESK-09,Current HEAD 672e666 static audit; desktop_repro.log only for AUD-DESK-01/02,no,Actual sorting exists; immediate saveGroup result ignored after UI state changes.,v2rayN/ServiceLib/Models/Configs/ConfigItems.cs :: ClashUIItem.ProxiesSorting
FLD-CFG-132,ClashUIItem,ClashUIItem.ProxiesAutoRefresh,internal/preserved,"apps/desktop/lib/features/monitor/proxies_view.dart:33,58,79-84",live proxy timer and persistence,immediate,implemented,AUD-DESK-09,Current HEAD 672e666 static audit; desktop_repro.log only for AUD-DESK-01/02,no,saveGroup outcome is not checked; toggled UI may diverge after persist failure,v2rayN/ServiceLib/Models/Configs/ConfigItems.cs :: ClashUIItem.ProxiesAutoRefresh
FLD-CFG-133,ClashUIItem,ClashUIItem.ProxiesRefreshInterval,internal/preserved,apps/desktop/lib/features/monitor/clash_ui_config.dart:60;apps/desktop/lib/features/monitor/proxies_view.dart,proxy timer period,immediate,implemented,,Current HEAD 672e666 static audit; desktop_repro.log only for AUD-DESK-01/02,no,Static live UI consumer confirmed,v2rayN/ServiceLib/Models/Configs/ConfigItems.cs :: ClashUIItem.ProxiesRefreshInterval
FLD-CFG-134,ClashUIItem,ClashUIItem.ConnectionsAutoRefresh,internal/preserved,"apps/desktop/lib/features/monitor/connections_view.dart:35,58,77-93",live connection timer and persistence,immediate,implemented,AUD-DESK-09,Current HEAD 672e666 static audit; desktop_repro.log only for AUD-DESK-01/02,no,saveGroup outcome ignored,v2rayN/ServiceLib/Models/Configs/ConfigItems.cs :: ClashUIItem.ConnectionsAutoRefresh
FLD-CFG-135,ClashUIItem,ClashUIItem.ConnectionsRefreshInterval,internal/preserved,apps/desktop/lib/features/monitor/clash_ui_config.dart:63;apps/desktop/lib/features/monitor/connections_view.dart:64-74,connection timer period,immediate,implemented,,Current HEAD 672e666 static audit; desktop_repro.log only for AUD-DESK-01/02,no,Static live UI consumer confirmed,v2rayN/ServiceLib/Models/Configs/ConfigItems.cs :: ClashUIItem.ConnectionsRefreshInterval
FLD-CFG-136,ClashUIItem,ClashUIItem.ConnectionsColumnItem,internal/preserved,apps/desktop/lib/features/monitor/connections_view.dart:232-244,Hard-coded DataTable columns; saved list not read,immediate,identified,AUD-DESK-05,Current HEAD 672e666 static audit; desktop_repro.log only for AUD-DESK-01/02,no,No Width/Index consumer,v2rayN/ServiceLib/Models/Configs/ConfigItems.cs :: ClashUIItem.ConnectionsColumnItem
FLD-CFG-137,SystemProxyItem,SystemProxyItem.SysProxyType,internal/preserved,"apps/desktop/lib/features/settings/platform_controller.dart:80-86,252-299,311-322",native proxy mode; startup auto reconciliation,immediate,blocked,AUD-DESK-03;AUD-DESK-10,Current HEAD 672e666 static audit; root_contract_repro.log fourth test confirms ignored proxy failure with fake backend,no,Real OS effect not run; mode0 launch unconditionally clears host even without core,v2rayN/ServiceLib/Models/Configs/ConfigItems.cs :: SystemProxyItem.SysProxyType
FLD-CFG-138,SystemProxyItem,SystemProxyItem.SystemProxyExceptions,TextBox(多行),apps/desktop/lib/features/settings/proxy_settings_view.dart:83;apps/desktop/lib/features/settings/platform_controller.dart:268,native bypass builder,immediate,blocked,AUD-DESK-03,Current HEAD 672e666 static audit; root_contract_repro.log fourth test confirms ignored proxy failure with fake backend,no,Sync dedupe ignores changed value; saveAndApply ignores platform failure,v2rayN/ServiceLib/Models/Configs/ConfigItems.cs :: SystemProxyItem.SystemProxyExceptions
FLD-CFG-139,SystemProxyItem,SystemProxyItem.NotProxyLocalAddress,ToggleButton（WPF）/ ToggleSwitch（Avalonia）,apps/desktop/lib/features/settings/proxy_settings_view.dart:84;apps/desktop/lib/features/settings/platform_controller.dart:269,native bypass <local> builder,immediate,blocked,AUD-DESK-03,Current HEAD 672e666 static audit; root_contract_repro.log fourth test confirms ignored proxy failure with fake backend,no,Real OS effect not run; sync key ignores changed value,v2rayN/ServiceLib/Models/Configs/ConfigItems.cs :: SystemProxyItem.NotProxyLocalAddress
FLD-CFG-140,SystemProxyItem,SystemProxyItem.SystemProxyAdvancedProtocol,ComboBox,apps/desktop/lib/features/settings/proxy_settings_view.dart:85-87;apps/desktop/lib/features/settings/platform_controller.dart:265,native proxy server template,immediate,blocked,AUD-DESK-03,Current HEAD 672e666 static audit; root_contract_repro.log fourth test confirms ignored proxy failure with fake backend,no,Real OS effect not run; sync key ignores changed value,v2rayN/ServiceLib/Models/Configs/ConfigItems.cs :: SystemProxyItem.SystemProxyAdvancedProtocol
FLD-CFG-141,SystemProxyItem,SystemProxyItem.CustomSystemProxyPacPath,TextBox + 浏览按钮,"apps/desktop/lib/features/settings/platform_controller.dart:286,164-174",PAC file content served,immediate,blocked,AUD-DESK-03;AUD-DESK-11,Current HEAD 672e666 static audit; root_contract_repro.log fourth test confirms ignored proxy failure with fake backend,no,Missing custom path is created with default script rather than error/fallback; sync key ignores path,v2rayN/ServiceLib/Models/Configs/ConfigItems.cs :: SystemProxyItem.CustomSystemProxyPacPath
FLD-CFG-142,SystemProxyItem,SystemProxyItem.CustomSystemProxyScriptPath,TextBox + 浏览按钮,crates/application/src/platform_service.rs:391-398;apps/desktop/lib/features/settings/proxy_settings_view.dart:89-91,Validation API only; no Mac/Linux execution,immediate,blocked,AUD-DESK-06,Current HEAD 672e666 static audit; root_contract_repro.log fourth test confirms ignored proxy failure with fake backend,no,Windows upstream not applicable; required Mac/Linux behavior missing,v2rayN/ServiceLib/Models/Configs/ConfigItems.cs :: SystemProxyItem.CustomSystemProxyScriptPath
FLD-CFG-143,WebDavItem,WebDavItem.Url,internal/preserved,crates/bridge_api/src/api/t16.rs:421-470;crates/application/src/webdav.rs:91-136,WebDAV request config/auth/remote path,save,implemented,,Current HEAD 672e666 static audit; desktop_repro.log only for AUD-DESK-01/02,no,Static T16 consumer confirmed; no real remote/TLS request run; credentials never printed,v2rayN/ServiceLib/Models/Configs/ConfigItems.cs :: WebDavItem.Url
FLD-CFG-144,WebDavItem,WebDavItem.UserName,internal/preserved,crates/bridge_api/src/api/t16.rs:421-470;crates/application/src/webdav.rs:91-136,WebDAV request config/auth/remote path,save,implemented,,Current HEAD 672e666 static audit; desktop_repro.log only for AUD-DESK-01/02,no,Static T16 consumer confirmed; no real remote/TLS request run; credentials never printed,v2rayN/ServiceLib/Models/Configs/ConfigItems.cs :: WebDavItem.UserName
FLD-CFG-145,WebDavItem,WebDavItem.Password,internal/preserved,crates/bridge_api/src/api/t16.rs:421-470;crates/application/src/webdav.rs:91-136,WebDAV request config/auth/remote path,save,implemented,,Current HEAD 672e666 static audit; desktop_repro.log only for AUD-DESK-01/02,no,Static T16 consumer confirmed; no real remote/TLS request run; credentials never printed,v2rayN/ServiceLib/Models/Configs/ConfigItems.cs :: WebDavItem.Password
FLD-CFG-146,WebDavItem,WebDavItem.DirName,internal/preserved,crates/bridge_api/src/api/t16.rs:421-470;crates/application/src/webdav.rs:91-136,WebDAV request config/auth/remote path,save,implemented,,Current HEAD 672e666 static audit; desktop_repro.log only for AUD-DESK-01/02,no,Static T16 consumer confirmed; no real remote/TLS request run; credentials never printed,v2rayN/ServiceLib/Models/Configs/ConfigItems.cs :: WebDavItem.DirName
FLD-CFG-147,CheckUpdateItem,CheckUpdateItem.CheckPreReleaseUpdate,internal/preserved,"apps/desktop/lib/features/update/update_controller.dart:138,207;crates/application/src/update_service.rs:559",release channel check argument,save,implemented,AUD-DESK-09,Current HEAD 672e666 static audit; desktop_repro.log only for AUD-DESK-01/02,no,UI immediate persistence ignores save result,v2rayN/ServiceLib/Models/Configs/ConfigItems.cs :: CheckUpdateItem.CheckPreReleaseUpdate
FLD-CFG-148,CheckUpdateItem,CheckUpdateItem.UpdateViaProxy,internal/preserved,"apps/desktop/lib/features/update/update_controller.dart:139,212;crates/application/src/update_service.rs:559",applied local proxy URL resolution/update HTTP client,save,implemented,AUD-DESK-09,Current HEAD 672e666 static audit; desktop_repro.log only for AUD-DESK-01/02,no,UI immediate persistence ignores save result; real remote/TLS unverified,v2rayN/ServiceLib/Models/Configs/ConfigItems.cs :: CheckUpdateItem.UpdateViaProxy
FLD-CFG-149,CheckUpdateItem,CheckUpdateItem.SelectedCoreTypes,internal/preserved,"apps/desktop/lib/features/update/update_controller.dart:212-216,249-259;crates/bridge_api/src/api/t16.rs:869-875",update selected-target list,save,identified,AUD-DESK-09;AUD-DESK-12,Current HEAD 672e666 static audit; desktop_repro.log only for AUD-DESK-01/02,no,"Explicit zero selection becomes all BUILTIN_TARGETS in bridge, unlike upstream empty-list=no targets; saveGroup error ignored.",v2rayN/ServiceLib/Models/Configs/ConfigItems.cs :: CheckUpdateItem.SelectedCoreTypes
FLD-CFG-156,WindowSizeItem,UiItem.WindowSizeItem[].TypeName,internal/preserved,apps/desktop/windows/runner/main.cpp:46-83;crates/application/src/settings.rs:145-171,Native runner loads INI; AppSettings geometry helper uncalled,immediate,identified,AUD-DESK-05,Current HEAD 672e666 static audit; desktop_repro.log only for AUD-DESK-01/02,no,Canonical TypeName/Width/Height not consumed,v2rayN/ServiceLib/Models/Configs/ConfigItems.cs :: WindowSizeItem.TypeName
FLD-CFG-157,WindowSizeItem,UiItem.WindowSizeItem[].Width,internal/preserved,apps/desktop/windows/runner/main.cpp:46-83;crates/application/src/settings.rs:145-171,Native runner loads INI; AppSettings geometry helper uncalled,immediate,identified,AUD-DESK-05,Current HEAD 672e666 static audit; desktop_repro.log only for AUD-DESK-01/02,no,Canonical TypeName/Width/Height not consumed,v2rayN/ServiceLib/Models/Configs/ConfigItems.cs :: WindowSizeItem.Width
FLD-CFG-158,WindowSizeItem,UiItem.WindowSizeItem[].Height,internal/preserved,apps/desktop/windows/runner/main.cpp:46-83;crates/application/src/settings.rs:145-171,Native runner loads INI; AppSettings geometry helper uncalled,immediate,identified,AUD-DESK-05,Current HEAD 672e666 static audit; desktop_repro.log only for AUD-DESK-01/02,no,Canonical TypeName/Width/Height not consumed,v2rayN/ServiceLib/Models/Configs/ConfigItems.cs :: WindowSizeItem.Height
