core,version,executable,config_path,fixture,l0_runnable_now,l1_session_status,prereq
xray,26.3.27,tools/cores/xray/v26.3.27/xray.exe,generate_xray (codegen.rs:311),fixtures/synthetic/sp28/xray-session.json,yes (exe present; version-identity only),blocked (SP-28 L1 gate not run),SP-24
sing-box,1.14.2,tools/cores/singbox/v1.14.2/sing-box.exe,generate_singbox (codegen.rs:310),fixtures/synthetic/sp28/sing-box-session.json,yes (exe present; version-identity only),blocked (SP-28 L1 gate not run),SP-24
v2fly,4.45.2,tools/cores/v2fly/v4.45.2/v2ray.exe,generate_xray (codegen.rs:311),fixtures/synthetic/sp28/v2fly-session.json,yes (exe present; version-identity only),blocked (SP-28 L1 gate not run),SP-24
v2fly_v5,5.53.0,tools/cores/v2fly/v5.53.0/v2ray.exe,generate_xray (codegen.rs:311),fixtures/synthetic/sp28/v2fly_v5-session.json,yes (exe present; version-identity only),blocked (SP-28 L1 gate not run),SP-24
mihomo,1.19.32,tools/cores/mihomo/v1.19.32/mihomo-windows-amd64-v1.exe,generate_mihomo mixin helper (mixin.rs:75; G-06),fixtures/synthetic/sp28/mihomo-session.json,yes (exe present; version-identity only),blocked (SP-28 L1 gate not run),SP-24
hysteria,1.3.5,tools/cores/hysteria/v1.3.5/hysteria.exe,native_custom passthrough (engine.rs:4840),fixtures/synthetic/sp28/hysteria-session.json,yes (exe present; version-identity only),blocked (SP-28 L1 gate not run),SP-28 L1
naiveproxy,154.0.8037.49-2,tools/cores/naiveproxy/v154.0.8037.49-2/naive.exe,native_custom passthrough (engine.rs:4840),fixtures/synthetic/sp28/naiveproxy-session.json,yes (exe present; version-identity only),blocked (SP-28 L1 gate not run),SP-28 L1
tuic,1.0.0,tools/cores/tuic/v1.0.0/tuic-client.exe,native_custom passthrough (engine.rs:4840),fixtures/synthetic/sp28/tuic-session.json,yes (exe present; version-identity only),blocked (SP-28 L1 gate not run),SP-28 L1
juicity,0.5.0,tools/cores/juicity/v0.5.0/juicity-client.exe,native_custom passthrough (engine.rs:4840),fixtures/synthetic/sp28/juicity-session.json,yes (exe present; version-identity only),blocked (SP-28 L1 gate not run),SP-28 L1
hysteria2,2.12.3,tools/cores/hysteria/v2.12.3/hysteria-windows-amd64.exe,native_custom passthrough (engine.rs:4840),fixtures/synthetic/sp28/hysteria2-session.json,yes (exe present; version-identity only),blocked (SP-28 L1 gate not run),SP-28 L1
brook,20270101,tools/cores/brook/v20270101/brook_windows_amd64.exe,native_custom passthrough (engine.rs:4840),fixtures/synthetic/sp28/brook-session.json,yes (exe present; version-identity only),blocked (SP-28 L1 gate not run),SP-28 L1
overtls,0.3.15,tools/cores/overtls/v0.3.15/overtls-bin.exe,native_custom passthrough (engine.rs:4840),fixtures/synthetic/sp28/overtls-session.json,yes (exe present; version-identity only),blocked (SP-28 L1 gate not run),SP-28 L1
shadowquic,0.4.0,tools/cores/shadowquic/v0.4.0/shadowquic.exe,native_custom passthrough (engine.rs:4840),fixtures/synthetic/sp28/shadowquic-session.json,yes (exe present; version-identity only),blocked (SP-28 L1 gate not run),SP-28 L1
mieru,3.38.0,tools/cores/mieru/v3.38.0/mieru.exe,native_custom passthrough (engine.rs:4840),fixtures/synthetic/sp28/mieru-session.json,yes (exe present; version-identity only),blocked (SP-28 L1 gate not run),SP-28 L1
