id,path,row_kind,status,expected_consumer,current_state,suggested_owner,cp_code
FLD-CFG-001,IndexId,internal,identified,"crates/application/src/engine.rs:1612,1630,1679 settings tree storage",CP-SET-04,SP-03,CP-SET-01;CP-SET-02;CP-SET-03;CP-SET-15
FLD-CFG-002,SubIndexId,internal,identified,"crates/application/src/engine.rs:1612,1630,1679 settings tree storage",CP-SET-11,SP-03,CP-SET-01;CP-SET-02;CP-SET-03;CP-SET-15
FLD-CFG-056,GuiItem.AutoRun,leaf,identified,"crates/application/src/engine.rs:1612,1630,1679 settings tree storage",CP-SET-01,SP-15/SP-32,CP-SET-01;CP-SET-02;CP-SET-03;CP-SET-15
FLD-CFG-065,MsgUIItem.MainMsgFilter,leaf,identified,"apps/desktop/lib/features/monitor/logs_view.dart has local controls, no persisted MsgUIItem consumer",CP-SET-07,SP-17,CP-SET-01;CP-SET-02;CP-SET-03;CP-SET-15
FLD-CFG-066,MsgUIItem.AutoRefresh,leaf,identified,"apps/desktop/lib/features/monitor/logs_view.dart has local controls, no persisted MsgUIItem consumer",CP-SET-07,SP-17,CP-SET-01;CP-SET-02;CP-SET-03;CP-SET-15
FLD-CFG-067,UiItem.EnableAutoAdjustMainLvColWidth,leaf,identified,"crates/application/src/engine.rs:1612,1630,1679 settings tree storage",CP-SET-10,SP-16,CP-SET-01;CP-SET-02;CP-SET-03;CP-SET-15
FLD-CFG-068,UiItem.MainGirdHeight1,leaf,identified,"crates/application/src/engine.rs:1612,1630,1679 settings tree storage",CP-SET-10,SP-16,CP-SET-01;CP-SET-02;CP-SET-03;CP-SET-15
FLD-CFG-069,UiItem.MainGirdHeight2,leaf,identified,"crates/application/src/engine.rs:1612,1630,1679 settings tree storage",CP-SET-10,SP-16,CP-SET-01;CP-SET-02;CP-SET-03;CP-SET-15
FLD-CFG-080,UiItem.MacOSShowInDock,leaf,identified,"crates/application/src/engine.rs:1612,1630,1679 settings tree storage",CP-SET-12,SP-32/SP-33,CP-SET-01;CP-SET-02;CP-SET-03;CP-SET-15
FLD-CFG-081,UiItem.MainColumnItem,leaf,identified,"crates/application/src/engine.rs:1612,1630,1679 settings tree storage",CP-SET-10,SP-16,CP-SET-01;CP-SET-02;CP-SET-03;CP-SET-15
FLD-CFG-082,UiItem.WindowSizeItem,leaf,identified,"crates/application/src/engine.rs:1612,1630,1679 settings tree storage",CP-SET-10,SP-16,CP-SET-01;CP-SET-02;CP-SET-03;CP-SET-15
FLD-CFG-083,UiItem.HideColumnIpInfo,leaf,identified,"crates/application/src/engine.rs:1612,1630,1679 settings tree storage",CP-SET-10,SP-16,CP-SET-01;CP-SET-02;CP-SET-03;CP-SET-15
FLD-CFG-100,TunModeItem.EnableIPv6Address,leaf,identified,crates/application/src/codegen.rs:421; crates/application/src/tun_plan.rs; services/net_host/src/session.rs; helper effects incomplete/unverified,CP-SET-13,SP-24,CP-SET-01;CP-SET-02;CP-SET-03;CP-SET-15
FLD-CFG-102,TunModeItem.EnableLegacyProtect,leaf,identified,crates/application/src/codegen.rs:421; crates/application/src/tun_plan.rs; services/net_host/src/session.rs; helper effects incomplete/unverified,CP-SET-13,SP-24,CP-SET-01;CP-SET-02;CP-SET-03;CP-SET-15
FLD-CFG-103,TunModeItem.RouteExcludeAddress,leaf,identified,crates/application/src/codegen.rs:421; crates/application/src/tun_plan.rs; services/net_host/src/session.rs; helper effects incomplete/unverified,CP-SET-13,SP-24,CP-SET-01;CP-SET-02;CP-SET-03;CP-SET-15
FLD-CFG-105,TunModeItem.IPv6Address,leaf,identified,crates/application/src/codegen.rs:421; crates/application/src/tun_plan.rs; services/net_host/src/session.rs; helper effects incomplete/unverified,CP-SET-13,SP-24,CP-SET-01;CP-SET-02;CP-SET-03;CP-SET-15
FLD-CFG-116,RoutingBasicItem.RoutingIndexId,leaf,identified,"crates/application/src/codegen.rs:436; crates/config_codegen/src/{xray,singbox}/routing.rs",CP-SET-14,SP-13,CP-SET-01;CP-SET-02;CP-SET-03;CP-SET-15
FLD-CFG-117,UiItem.MainColumnItem[].Name,leaf,identified,profiles_controller column_layout UI cache; canonical MainColumnItem has no UI consumer,CP-SET-10,SP-16,CP-SET-01;CP-SET-02;CP-SET-03;CP-SET-15
FLD-CFG-118,UiItem.MainColumnItem[].Width,leaf,identified,profiles_controller column_layout UI cache; canonical MainColumnItem has no UI consumer,CP-SET-10,SP-16,CP-SET-01;CP-SET-02;CP-SET-03;CP-SET-15
FLD-CFG-119,UiItem.MainColumnItem[].Index,leaf,identified,profiles_controller column_layout UI cache; canonical MainColumnItem has no UI consumer,CP-SET-10,SP-16,CP-SET-01;CP-SET-02;CP-SET-03;CP-SET-15
FLD-CFG-131,ClashUIItem.ProxiesSorting,leaf,identified,"apps/desktop/lib/features/monitor/{proxies_view,connections_view}.dart; codegen Mixin projection only",CP-SET-03,SP-17,CP-SET-01;CP-SET-02;CP-SET-03;CP-SET-15
FLD-CFG-132,ClashUIItem.ProxiesAutoRefresh,leaf,identified,"apps/desktop/lib/features/monitor/{proxies_view,connections_view}.dart; codegen Mixin projection only",CP-SET-03,SP-17,CP-SET-01;CP-SET-02;CP-SET-03;CP-SET-15
FLD-CFG-134,ClashUIItem.ConnectionsAutoRefresh,leaf,identified,"apps/desktop/lib/features/monitor/{proxies_view,connections_view}.dart; codegen Mixin projection only",CP-SET-03,SP-17,CP-SET-01;CP-SET-02;CP-SET-03;CP-SET-15
FLD-CFG-136,ClashUIItem.ConnectionsColumnItem,leaf,identified,"apps/desktop/lib/features/monitor/{proxies_view,connections_view}.dart; codegen Mixin projection only",CP-SET-10,SP-16,CP-SET-01;CP-SET-02;CP-SET-03;CP-SET-15
FLD-CFG-138,SystemProxyItem.SystemProxyExceptions,leaf,identified,apps/desktop/lib/features/settings/platform_controller.dart:247; crates/application/src/platform_service.rs; native OS outcome not verified here,CP-SET-09,SP-15/SP-32,CP-SET-01;CP-SET-02;CP-SET-03;CP-SET-15
FLD-CFG-139,SystemProxyItem.NotProxyLocalAddress,leaf,identified,apps/desktop/lib/features/settings/platform_controller.dart:247; crates/application/src/platform_service.rs; native OS outcome not verified here,CP-SET-09,SP-15/SP-32,CP-SET-01;CP-SET-02;CP-SET-03;CP-SET-15
FLD-CFG-140,SystemProxyItem.SystemProxyAdvancedProtocol,leaf,identified,apps/desktop/lib/features/settings/platform_controller.dart:247; crates/application/src/platform_service.rs; native OS outcome not verified here,CP-SET-09,SP-15/SP-32,CP-SET-01;CP-SET-02;CP-SET-03;CP-SET-15
FLD-CFG-141,SystemProxyItem.CustomSystemProxyPacPath,leaf,identified,apps/desktop/lib/features/settings/platform_controller.dart:247; crates/application/src/platform_service.rs; native OS outcome not verified here,CP-SET-09,SP-15/SP-32,CP-SET-01;CP-SET-02;CP-SET-03;CP-SET-15
FLD-CFG-142,SystemProxyItem.CustomSystemProxyScriptPath,leaf,identified,apps/desktop/lib/features/settings/platform_controller.dart:247; crates/application/src/platform_service.rs; native OS outcome not verified here,CP-SET-12,SP-32/SP-33,CP-SET-01;CP-SET-02;CP-SET-03;CP-SET-15
FLD-CFG-147,CheckUpdateItem.CheckPreReleaseUpdate,leaf,identified,"apps/desktop/lib/features/update/update_controller.dart:122,175; crates/bridge_api/src/api/t16.rs:850",CP-SET-03,SP-27,CP-SET-01;CP-SET-02;CP-SET-03;CP-SET-15
FLD-CFG-148,CheckUpdateItem.UpdateViaProxy,leaf,identified,"apps/desktop/lib/features/update/update_controller.dart:122,175; crates/bridge_api/src/api/t16.rs:850",CP-SET-03,SP-27,CP-SET-01;CP-SET-02;CP-SET-03;CP-SET-15
FLD-CFG-156,UiItem.WindowSizeItem[].TypeName,leaf,identified,native INI geometry cache; canonical WindowSizeItem has no native UI consumer,CP-SET-10,SP-16,CP-SET-01;CP-SET-02;CP-SET-03;CP-SET-15
FLD-CFG-157,UiItem.WindowSizeItem[].Width,leaf,identified,native INI geometry cache; canonical WindowSizeItem has no native UI consumer,CP-SET-10,SP-16,CP-SET-01;CP-SET-02;CP-SET-03;CP-SET-15
FLD-CFG-158,UiItem.WindowSizeItem[].Height,leaf,identified,native INI geometry cache; canonical WindowSizeItem has no native UI consumer,CP-SET-10,SP-16,CP-SET-01;CP-SET-02;CP-SET-03;CP-SET-15
SP28-L1-001,update/CheckUpdate-GeoFiles-row,l1,identified,"apps/desktop/lib/features/update/update_controller.dart:130-151,213-221 (targets/seed/save are core-only); crates/application/src/update_service.rs:131-135 ui_targets lists v2rayN+14 cores only","Upstream CheckUpdateViewModel.cs:82-91 GetGeoFileCheckUpdateModel (IsGeoFile row stored as GeoFiles) + :195-197/:235-247 CheckUpdateGeo->UpdateGeoFileAll; current update window has no GeoFiles row or geo check/apply action, and a persisted GeoFiles entry is dropped on save; real-session effect unverified",SP-27,CP-SET-01;CP-SET-02;CP-SET-03;CP-SET-15
SP28-L1-002,custom/FetchCertChain-full-chain,l1,identified,"apps/desktop/lib/features/profiles/profile_fields.dart:945-975 (leafOnly always true); apps/desktop/lib/features/profiles/profile_editor_dialog.dart:440-468","Upstream AddServerViewModel.cs:519-544 FetchCertChain returns the full chain via CertPemManager.GetCertChainPemAsync + ConcatenatePemChain; current fetchPeerCertChainPem returns the leaf only (dart:io exposes only the leaf), so a chain fetch fills Cert with the leaf; real-session effect unverified",SP-03,CP-SET-01;CP-SET-02;CP-SET-03;CP-SET-15
SP28-L1-003,mihomo/custom-YAML-preprocess,l1,identified,"crates/application/src/mixin.rs:49-60 parse_mapping (plain serde_yaml parse); crates/application/src/mixin.rs:75-125 generate_mihomo","Upstream CoreConfigClashService.cs:55-65 replaces !<str> tags and preprocesses YAML anchors (<<:/*, &) before parse, and :123-143 double-quotes REALITY short-ids that would parse as floats; current path has no equivalent preprocessing step; real-session effect unverified",SP-24,CP-SET-01;CP-SET-02;CP-SET-03;CP-SET-15
