scenario,sample_ms
filter_10k_ms,3.649
filter_10k_ms,1.181
filter_10k_ms,0.793
filter_10k_ms,0.782
filter_10k_ms,0.813
filter_10k_ms,0.787
filter_10k_ms,0.81
filter_10k_ms,0.733
filter_10k_ms,1.481
filter_10k_ms,0.779
filter_10k_ms,0.764
filter_10k_ms,0.747
filter_10k_ms,0.747
filter_10k_ms,0.827
filter_10k_ms,0.699
filter_10k_ms,0.72
filter_10k_ms,0.721
filter_10k_ms,0.73
filter_10k_ms,0.752
filter_10k_ms,0.684
filter_10k_ms,0.544
filter_10k_ms,0.724
filter_10k_ms,0.539
filter_10k_ms,0.725
filter_10k_ms,0.721
filter_10k_ms,0.439
filter_10k_ms,0.438
filter_10k_ms,0.436
filter_10k_ms,0.434
filter_10k_ms,0.437
sort_10k_ms,12.325
sort_10k_ms,4.841
sort_10k_ms,4.759
sort_10k_ms,4.522
sort_10k_ms,4.425
sort_10k_ms,4.341
sort_10k_ms,4.202
sort_10k_ms,5.726
sort_10k_ms,5.107
sort_10k_ms,4.444
sort_10k_ms,4.612
sort_10k_ms,4.666
sort_10k_ms,4.669
sort_10k_ms,4.85
sort_10k_ms,4.383
sort_10k_ms,4.468
sort_10k_ms,4.527
sort_10k_ms,4.47
sort_10k_ms,4.056
sort_10k_ms,3.928
sort_10k_ms,4.165
sort_10k_ms,3.954
sort_10k_ms,4.367
sort_10k_ms,4.539
sort_10k_ms,4.375
sort_10k_ms,2.733
sort_10k_ms,2.713
sort_10k_ms,2.739
sort_10k_ms,2.691
sort_10k_ms,3.379
logbatch_1k_ms,1.055
logbatch_1k_ms,0.391
logbatch_1k_ms,0.295
logbatch_1k_ms,0.351
logbatch_1k_ms,0.347
logbatch_1k_ms,0.492
logbatch_1k_ms,0.277
logbatch_1k_ms,0.241
logbatch_1k_ms,0.324
logbatch_1k_ms,0.321
logbatch_1k_ms,0.245
logbatch_1k_ms,0.241
logbatch_1k_ms,0.284
logbatch_1k_ms,0.241
logbatch_1k_ms,0.206
logbatch_1k_ms,0.186
logbatch_1k_ms,0.203
logbatch_1k_ms,0.192
logbatch_1k_ms,0.171
logbatch_1k_ms,0.171
logbatch_1k_ms,0.179
logbatch_1k_ms,0.115
logbatch_1k_ms,0.171
logbatch_1k_ms,0.17
logbatch_1k_ms,0.107
logbatch_1k_ms,0.111
logbatch_1k_ms,0.105
logbatch_1k_ms,0.103
logbatch_1k_ms,0.103
logbatch_1k_ms,0.109
